,Species,Estimate (log og),Est.Error,l_95_CI_log_og,u_95_CI_log_og,Estimate_log_sum,l_95_CI_log_sum,u_95_CI_log_sum,Estimate_trans,CI_low_trans,CI_high_trans,Rhat,Bulk_ESS,Tail_ESS,nobs,effect
Intercept,Salix richardsonii,2.632531881,0.119654461,2.399251286,2.867838158,2.632531881,2.399251286,2.867838158,13.90894114,11.01492627,17.59893094,1.0003625,9057.779633,7098.549129,78,fixed
Southern Garden,Salix richardsonii,1.355025841,0.159995403,1.046585056,1.674795072,3.987557722,3.445836342,4.54263323,53.92303339,31.36950812,93.93783463,1.000390618,8761.120146,6036.874159,78,fixed
Sigma,Salix richardsonii,0.703113896,0.056633343,0.600977166,0.824532428,0.703113896,0.600977166,0.824532428,2.020033096,1.823900183,2.280814071,1.000129661,8754.508911,7162.427998,78,residual
Intercept ,Salix pulchra,2.357395734,0.099341332,2.164948178,2.554719613,2.357395734,2.164948178,2.554719613,10.56340568,8.714150322,12.86769122,1.000051583,8657.211606,7340.142016,109,fixed
Southern Garden ,Salix pulchra,1.233268293,0.142413538,0.954922834,1.51383283,3.590664027,3.119871012,4.068552443,36.25814433,22.64345871,58.4722594,1.000111673,8800.955032,7269.818131,109,fixed
Sigma  ,Salix pulchra,0.73649539,0.051605886,0.644015733,0.846088747,0.73649539,0.644015733,0.846088747,2.088602935,1.904111952,2.330513773,1.000154229,8848.743089,7258.963967,109,residual
Intercept  ,Salix arctica,2.803866666,0.111370783,2.58295037,3.023121377,2.803866666,2.58295037,3.023121377,16.50835583,13.2361321,20.55535266,1.001717796,8008.223028,6958.05717,53,fixed
Southern Garden  ,Salix arctica,0.105876201,0.157376911,-0.204037223,0.417051406,2.909742868,2.378913147,3.440172783,18.35207905,10.7931659,31.1923472,0.999955219,8300.292696,7117.24156,53,fixed
Sigma  1,Salix arctica,0.574970428,0.059541961,0.473965544,0.703401788,0.574970428,0.473965544,0.703401788,1.777077975,1.606351637,2.020614733,1.000298498,8535.975454,6032.601581,53,residual