"","Species","Estimate (log og)","l_95_CI_log_og","u_95_CI_log_og","Estimate_log_sum","l_95_CI_log_sum","u_95_CI_log_sum","Estimate_trans","CI_low_trans","CI_high_trans","Rhat","Bulk_ESS","Tail_ESS","nobs","effect","Est.Error"
"Intercept ","Salix richardsonii",4.19485734507825,4.05095491806466,4.33744515321729,4.19485734507825,4.05095491806466,4.33744515321729,66.3442665660404,57.4522930918429,76.5118134594858,1.00104444345385,4338.35269243661,3747.45378561174,76,"fixed",0.0734900657707551
"Northern Source ","Salix richardsonii",-0.670872323775291,-0.869992747472699,-0.466069858954977,3.52398502130296,3.18096217059196,3.87137529426231,33.9193287427065,24.0699017656437,48.008366330047,1.00073181174568,4181.57739255232,3800.03282904137,76,"fixed",0.102943496873661
"Sigma  ","Salix richardsonii",0.459684759221415,0.391292987054671,0.544346289412506,0.459684759221415,0.391292987054671,0.544346289412506,1.58357469897991,1.47889174608113,1.72348135603226,1.00181939452182,4866.47553746788,3511.16098658281,76,"residual",0.0388319235438622
"Intercept 1","Salix pulchra",4.11465691016122,3.95919298509474,4.2662351325261,4.11465691016122,3.95919298509474,4.2662351325261,61.2312028550423,52.4150091825954,71.2528723860332,1.00008646870808,8852.79316893301,6750.63255988328,61,"fixed",0.0781479016946545
"Northern Source 1","Salix pulchra",-0.787130923570533,-1.00966931490791,-0.566308552897102,3.32752598659069,2.94952367018684,3.699926579629,27.8693073024573,19.0968551599936,40.4443348129893,1.00025905159023,8563.33341919106,6593.97381567279,61,"fixed",0.113846647042331
"Sigma  1","Salix pulchra",0.439373182452528,0.367209623462445,0.531148679563306,0.439373182452528,0.367209623462445,0.531148679563306,1.55173425934648,1.44370052089978,1.70088495871082,1.0002036189178,7882.45964165639,6525.06230870393,61,"residual",0.0418845419741716
